4703	Alto
5216	La Aurora
5421	La Tranca
5598	Desaguadero
5700	Alto Blanco
5700	Barrio La Merced
5700	Colon
5700	Cortaderas
5700	La Cortadera
5700	La Espesura
5700	Pescadores
5700	Pozo Escondido
5700	San Luis
5700	Santa Teresa
5700	Santo Domingo  
5701	Algarrobitos
5701	Antihuasi
5701	Arenilla
5701	Balde De La Isla
5701	Buena Ventura
5701	Buena Vista
5701	Cachi Corral
5701	Cañada Honda
5701	Cañada Honda De Guzman
5701	Carolina
5701	Casa De Piedra  
5701	Cercadito
5701	Cerro Blanco  
5701	Cerros Largos
5701	Cienaga
5701	Cruz De Caña  
5701	Cruz De Piedra
5701	Cuesta Del Volcan
5701	Chipical
5701	Chorrillos
5701	Daniel Donovan
5701	Durazno  
5701	El Amparo
5701	El Arenal
5701	El Cerro De Piedra
5701	El Chorrillo
5701	El Durazno
5701	El Manantial Escondido
5701	El Tala  
5701	El Talita  
5701	El Valle  
5701	Embalse La Florida
5701	Estancia Grande
5701	Gruta De Intiguasi
5701	Hinojito
5701	Intiguasi
5701	Isla  
5701	La Alianza
5701	La Bajada (Dpto. Pringles)
5701	La Calaguala
5701	La Cienaga
5701	La Florida 
5701	Laguna Brava
5701	La Higuerita
5701	La Pampa
5701	Las Barranquitas 
5701	Las Chacras  
5701	Las Chacras De San Martin  
5701	La Vertiente  
5701	Los Arroyos
5701	Los Carricitos
5701	Los Membrillos
5701	Los Montes
5701	Los Pasitos
5701	Los Puquios
5701	Los Tapiales
5701	Manantial Blanco
5701	Maray
5701	Marmol Verde
5701	Mina Carolina
5701	Mina Santo Domingo
5701	Monte Chiquito
5701	9 De Julio (La Vertiente, Dpto. San Martin)
5701	Ojo De Agua  
5701	Once De Mayo
5701	Pampa De Los Gobernadores
5701	Pampa Del Tamborero
5701	Pampita
5701	Pancanta
5701	Pantanillos (Paso Del Rey, Dpto. Pringles)
5701	Paso De Cuero
5701	Paso Del Rey
5701	Paso Juan Gomez
5701	Potrero De Los Funes
5701	Quebrada De La Burra
5701	Rio Grande
5701	San Ambrosio
5701	San Jose De Los Chañares
5701	San Miguel (Dpto. Pringles)
5701	San Roque  
5701	Santa Clara (Los Membrillos, Dpto. San Martin)
5701	Saucesito
5701	Sol De Abril (La Vertiente, Dpto. San Martin)
5701	Solobasta
5701	Talarcito
5701	Totoral  
5701	Trapiche
5701	Tukiros
5701	Ulbar
5701	Vallecito
5701	Valle De Pancanta
5701	Viraraco
5701	Volcan
5703	Ahi Veremos
5703	Alta Gracia
5703	Alto Tavira
5703	Arbol Solo
5703	Balde De Amira
5703	Balde Del Rosario
5703	Barranca Colorada
5703	Barranca Nueva
5703	Barrial
5703	Cañada Angosta
5703	Cuatro Corredores
5703	Chañares (Pozo Del Tala, Dpto. Ayacucho)
5703	Desempeño
5703	Divisadero (Villa Gral. Roca, Dpto. Belgrano)
5703	El Bagual
5703	El Balde
5703	El Chañar (El Milagro, Dpto. La Capital)
5703	El Divisadero
5703	El Espinillo (Villa Gral. Roca, Dpto. Ayacucho)
5703	El Milagro  
5703	El Paraiso (Villa Gral. Roca, Dpto. Belgrano)
5703	El Porvenir (Barrial, Dpto. Belgrano)
5703	El Potrero De Leyes
5703	El Salto (Hipolito Yrigoyen, Dpto. Belgrano)
5703	El Zampal
5703	Espinillo (Villa Gral. Roca, Dpto. Belgrano)
5703	Hipolito Yrigoyen
5703	La Corina
5703	La Criolla
5703	La Chilca (El Milagro - Dpto. Belgrano)
5703	La Duda
5703	La Escondida (Hipolito Yrigoyen - Dpto. Belgrano)
5703	La Esperanza (Hipolito Yrigoyen - Dpto. Belgrano)
5703	La Eulogia
5703	La Garza
5703	La Julia
5703	La Majada
5703	La Quebrada
5703	La Quinta
5703	La Rinconada (Barrial, Dpto. Belgrano)
5703	La Salud
5703	La Sandia
5703	Las Caritas
5703	La Serrana
5703	Las Lomas (El Milagro, Dpto. Belgrano)
5703	La Union (Hipolito Yrigoyen, Dpto. Belgrano)
5703	Leandro N. Alem
5703	Longari
5703	Los Chañares (Toro Negro, Dpto. Belgrano)
5703	Los Molles (La Quebrada - Dpto. Belgrano)
5703	Los Ramblones
5703	Manantiales
5703	Nogoli
5703	Paliguanta
5703	Paraiso
5703	Potrero De Leyes
5703	Pozo Del Carril
5703	Pozo Del Espinillo
5703	Pozo Del Tala
5703	Pozo Santiago
5703	Pozo Simon
5703	Represa Del Chañar
5703	Retamo
5703	Retiro
5703	Rumiguasi
5703	San Jose (Hipolito Yrigoyen, Dpto. Belgrano)
5703	San Raimundo
5703	San Roque (Leandro N. Alem, Dpto. Ayacucho)
5703	Seis De Septiembre
5703	Siempre Viva
5703	Taza Blanca
5703	Toro Negro
5703	Villa Gral. Roca
5703	Vizcacheras (Hipolito Yrigoyen, Dpto. Belgrano)
5705	Agua Hedionda
5705	Balde Hondo
5705	Banda Sud
5705	Bañado Lindo
5705	Bella Vista (San Francisco Del Monte De Oro, Dpto.Ayacucho)
5705	Campanario
5705	Consulta
5705	La Porfia
5705	La Represita (San Francisco Del Monte De Oro, Dpto.Ayacucho)
5705	Las Salinas
5705	Maravilla
5705	Pampa Invernada
5705	Pozo Cavado
5705	Pozo De Los Rayos
5705	Puerto Rico
5705	Puesto Pampa Invernada
5705	Puesto Quebrada Cal
5705	Ramblones
5705	Rio Juan Gomez
5705	Rodeo Cadenas
5705	San Francisco
5705	San Francisco Del Monte De Oro
5705	Socoscora
5705	Tintinaco
5706	La Bava
5707	Algarrobal (Balde De Puertas, Dpto. Ayacucho)
5707	Baldecito La Pampa
5707	Balde De Arriba
5707	Balde De Azcurra
5707	Balde De Puertas
5707	Bañado
5707	Barriales
5707	Barzola
5707	Bella Vista (Botijas, Dpto. Ayacucho)
5707	Botijas
5707	Carmelo
5707	Cerro Bayo
5707	Cerro Negro (El Rincon, Dpto. Ayacucho)
5707	Chimbas
5707	Chimborazo
5707	El Payero
5707	El Rincon (Dpto. Ayacucho)
5707	El Verano (Zampal, Dpto. Ayacucho)
5707	La Patria
5707	La Salvadora
5707	Las Lagunitas (Pampa Grande, Dpto. Ayacucho)
5707	Las Mesias
5707	Las Pampitas
5707	Lindo
5707	Lomas Blancas
5707	Los Almacigos
5707	Los Mendocinos
5707	Monte Carmelo
5707	Pampa Grande (Dpto. Ayacucho)
5707	Paso Piedra
5707	Pastal
5707	Peñon Colorado
5707	Pozo Del Molle
5707	Reconquista
5707	San Rufino
5707	San Salvador
5707	Santa Victoria
5707	Santo Domingo (Botijas, Dpto. Ayacucho)
5707	Serafina
5707	Sol De Abril (El Rincon, Dpto. Ayacucho)
5707	Temeraria
5707	Vista Alegre
5707	Zampal
5709	Bañadito Viejo
5709	Cañada Quemada (Lujan, Dpto. Ayacucho)
5709	Cebollar
5709	Corral De Piedra
5709	El Manantial
5709	El Molino
5709	La Esquina (Dpto. Gral. Pedernera)
5709	La Esquina (Lujan - Dpto. Ayacucho)
5709	La Legua
5709	La Serafina
5709	Los Pejes
5709	Lujan
5709	Manantial (Lujan, Dpto. Ayacucho)
5709	Santa Rufina
5709	Santa Teresita
5711	Angelita
5711	Bajada
5711	Balde Retamo
5711	Balde Viejo
5711	Bañadito
5711	Bañado La Cautana
5711	Baños Zapallar
5711	El Bañado (Quines, Dpto. Ayacucho)
5711	El Calden (Quines, Dpto. Ayacucho)
5711	El Chañar (Quines, Dpto. Ayacucho)
5711	El Injerto
5711	El Potrerillo
5711	El Puesto (Quines, Dpto. Ayacucho)
5711	El Retamo
5711	El Rio
5711	El Zapallar
5711	Entre Rios
5711	La Aguada (Quines, Dpto. Ayacucho)
5711	La Brea (Quines - Dpto. Ayacucho)
5711	La Florida (Quines - Dpto. Ayacucho)
5711	La Represita (Quines - Dpto. Ayacucho)
5711	Las Playas
5711	Las Puertas
5711	La Union (Talita, Dpto. Junin )
5711	Los Molles (Talita, Dpto. Junin)
5711	Naranjo
5711	Paso Del Medio
5711	Pie De La Cuesta
5711	Pies De La Cuesta
5711	Puesto De Taberes
5711	Puesto Talar
5711	Puntos De La Linea
5711	Quebrada Del Tigre
5711	Quines
5711	Represa Del Monte
5711	Represita
5711	San Miguel (Quines, Dpto. Ayacucho)
5711	Santa Ana (Quines, Dpto. Ayacucho)
5711	Santa Clara (Quines, Dpto. Ayacucho)
5711	Talita
5712	Balde De La Linea
5713	Balde Ahumada
5713	Baldecito
5713	Balde De Guardia
5713	Balde De Torres
5713	Balde El Carril
5713	Balde Los Torres
5713	Candelaria
5713	El Cadillo
5713	El Hormiguero
5713	El Mollar
5713	El Puestito
5713	El Sembrado
5713	La Bajada (Candelaria - Dpto. Ayacucho)
5713	La Colonia (Candelaria - Dpto. Ayacucho)
5713	La Medula
5713	La Moderna
5713	La Plata
5713	La Ramada (Candelaria - Dpto. Ayacucho)
5713	La Resistencia
5713	Las Bajadas
5713	Las Chimbas
5713	La Sirena
5713	Las Playas Argentinas
5713	La Tusca
5713	Los Arces
5713	Medano Bello
5713	Patio Limpio
5713	Puesto Roberto
5713	Quebrachito
5713	Salinas
5713	San Celestino
5713	San Martin (Dpto. San Martin)
5713	San Martin (Candelaria, Dpto. Ayacucho)
5713	San Pedro (Candelaria, Dpto. Ayacucho)
5713	Tres Cañadas (Candelaria, Dpto. Ayacucho)
5714	Santa Rita
5715	Arbol Verde
5715	Balde De Escudero
5715	Balde De Garcia
5715	Balde De Guiñazu
5715	Balde De Ledesma
5715	Balde De Monte
5715	Balde De Quines
5715	Balde Nuevo
5715	Bascula Castellano
5715	Cañada (Las Palomas, Dpto. Ayacucho)
5715	El Alto
5715	El Barrial
5715	El Pocito
5715	El Tembleque
5715	Florida
5715	Islitas
5715	Las Cabras
5715	Las Islitas
5715	Las Palomas
5715	Las Rosadas
5715	Los Algarrobitos
5715	Los Cerrilos (Las Palomas, Dpto. Ayacucho)
5715	Pocitos
5715	Pozo Del Medio
5715	Quebrachos
5715	San Jorge (Balde De Quines, Dpto. Ayacucho)
5715	Santa Lucia (Las Palomas, Dpto.Junin)
5715	Santa Lucinda
5717	El Pimpollo
5719	Agua Amarga
5719	Aguaditas
5719	Alazanas
5719	Algarrobos Grandes
5719	Altillo
5719	Bajo De La Cruz
5719	Balzora
5719	Bebida
5719	Bella Estancia
5719	Cantantal
5719	Cañada De Vilan
5719	Casa De Los Tigres
5719	Charlone
5719	Chiperni
5719	Chispicu
5719	El Calden 
5719	El Carmen  
5719	El Chañaral
5719	El Gigante
5719	El Jarillal
5719	El Molle 
5719	El Pedernal
5719	El Ramblon
5719	El Valle  
5719	Estancia San Roque
5719	Gigante
5719	Gualtaran
5719	Hualtaran
5719	La Aguada (Bella Estancia, Dpto. Belgrano)
5719	La Alameda (La Florida - Dpto. Belgrano)
5719	La Alameda (Bella Estancia - Dpto. Belgrano)
5719	La Calera
5719	La Empajada
5719	La Estrella (San Antonio - Dpto. Belgrano)
5719	La Florida  
5719	La Josefa (San Antonio - Dpto. Belgrano)
5719	La Merced
5719	La Primavera (Cantantal - Dpto. Ayacucho)
5719	Las Barrancas  
5719	Las Galeras
5719	Las Lagunas  
5719	La Yesera
5719	Los Aguados
5719	Los Algarrobos 
5719	Los Araditos
5719	Los Cerritos
5719	Los Chancaros
5719	Los Talas  
5719	Los Telarios
5719	Monte Verde
5719	Portezuelo
5719	Puerto Alegre
5719	Punta De La Sierra
5719	Recreo
5719	Represa Del Carmen
5719	Rivadavia  
5719	Romance
5719	San Agustin
5719	San Antonio  
5719	San Geronimo  
5719	San Isidro  
5719	San Jose  
5719	San Pedro  
5719	San Roque  
5719	Santa Ana  
5719	Santa Maria (Cantanal, Dpto.Ayacucho)
5719	Santa Rosa (Cantantal, Dpto.Ayacucho)
5719	Santa Rosa (Las Barrancas, Dpto.La Capital)
5719	Santa Rosa De Chipiscu
5719	Santa Rosa Del Gigante
5719	Santa Rosa De Salinas
5719	Tres Lomas
5719	Tres Puertas
5721	Aguas De Las Piedras
5721	Agua Seballe
5721	Alto Del Valle
5721	Alto Pelado
5721	Beazley
5721	Caña Larga
5721	Cazador
5721	Cerrillo
5721	Cerro Varela
5721	Cerro Viejo
5721	Cruz De Caña (Toro Negro, Dpto. Belgrano)
5721	Cruz De Caña (Beazley, Dpto. La Capital)
5721	Cumberita
5721	Chalanta (Embarcadero Fcgsm)
5721	Chichaquita
5721	Chischaca (Embarcadero Fcgsm)
5721	Chischaquita
5721	Donado
5721	El Cazador
5721	El Cerrillo
5721	El Molle  
5721	El Socorro  
5721	El Totoral  
5721	Estacion Zanjitas
5721	Fortin Salto
5721	Gorgonta
5721	Huejeda (Embarcadero Fcgsm)
5721	La Aguanueva
5721	La Amarga
5721	La Bonita
5721	La Cañada (Varela - Dpto. La Capital)
5721	La Costa (Embarcadero Fcgsm)
5721	La Dulce (Beazley - Dpto. La Capital)
5721	La Emilia
5721	La Irene
5721	La Jarilla
5721	La Jerga
5721	La Peregrina
5721	La Represa
5721	Las Colonias
5721	La Seña (Estacion Fcgsm)
5721	Las Lagunitas  
5721	Las Piedritas
5721	Las Tres Cañadas
5721	Las Vizcacheras (Beazley, Dpto. La Capital)
5721	La Tosca
5721	La Totora (Beazley, Dpto. La Capital)
5721	La Verde (Alto Pelado, Dpto. La Capital)
5721	Los Bolleros
5721	Los Cerrilos  
5721	Los Claveles
5721	Los Coros
5721	Los Chañaritos
5721	Los Junes
5721	Mosmota
5721	Paje
5721	Paso Ancho
5721	Paso De Las Carretas (Beazley, Dpto. La Capital)
5721	Paso De Las Salinas
5721	Paso De Las Toscas
5721	Paso De Las Vacas
5721	Paso De La Tierra
5721	Paso De Los Bayos
5721	Pozo Cercado
5721	Puente La Horqueta
5721	Puerta De La Isla
5721	Puesto De Los Jumes
5721	Punta Del Cerro
5721	Punta Del Cerro Norte
5721	Puntos De Agua
5721	Salitral
5721	Salto Chico
5721	San Antonio  
5721	San Geronimo  
5721	San Jorge  
5721	San Martin  
5721	Santa Isabel  
5721	Santo Domingo  
5721	San Vicente  
5721	Tamascanes
5721	Transvaal
5721	Travesia
5721	Tres Cañadas  
5721	Vacas Muertas
5721	Varela
5721	Zanjitas
5722	Acasape
5722	Alto Del Leon
5722	Alto Grande
5722	Balda
5722	Barrancas De Corral
5722	Campo De San Pedro
5722	Casa Pa
5722	Cerro Del Lince
5722	Colonia La Luisa
5722	Corral De Barrancas
5722	Eleodoro Lobos
5722	El Lince
5722	El Riecito
5722	Juan W. Jez
5722	La Cumbre  
5722	La Delia
5722	La Maria
5722	Las Cañitas
5722	Las Higueras  
5722	La Yerba Buena
5722	Lince
5722	San Pedro  
5722	Santa Dionisia
5724	Alto Pencoso
5724	Balde  
5724	Bebedero
5724	Bella Vista  
5724	Chosmes
5724	El Alamo
5724	El Charco
5724	El Lechuzo
5724	El Mataco
5724	El Milagro  
5724	El Negro
5724	El Quemado
5724	Guasquita
5724	Jarilla
5724	La Brea (Chosmes - Dpto. Capital)
5724	La Cabra
5724	Laguna Seca
5724	La Reforma
5724	La Selva
5724	La Union (Alto Pencoso, Dpto. La Capital)
5724	Los Jagueles
5724	Los Tamariños
5724	Mantilla
5724	Mataco
5724	Negro Muerto
5724	Palomar
5724	Paso Los Algarrobos
5724	Reforma Chica
5724	Salinas De Bebedero
5724	San Antonio (Alto Pencoso, Dpto. La Capital)
5724	Santa Isabel (Chosmes, Dpto.La Capital)
5730	Ciudad Jardin De San Luis
5730	Coronel Alzogaray
5730	El Chañar (Mercedes, Dpto. Gral. Pedernera)
5730	El Dique
5730	El Fortin
5730	La Elvira (Tilisarao - Dpto. Chacabuco)
5730	La Elvira (Mercedes - Dpto. Gral. Pedernera)
5730	La Negra
5730	La Primavera (Mercedes - Dpto. Gral. Pedernera)
5730	Las Isletas
5730	Las Palmas
5730	Lavaisse
5730	Liborio Luna
5730	Marlito
5730	Mercedes
5730	Pedernera
5730	San Ramon (Mercedes, Dpto. Gral. Pedernera)
5730	Santa Clara (Mercedes, Dpto. Gral. Pedernera)
5730	Tres Esquinas
5730	Villa Mercedes
5730	Vista Hermosa
5731	Alfaland
5731	Cerro Blanco (Juan Jorba, Dpto. Gral. Pedernera)
5731	Cerro Negro (Juan Jorba, Dpto. Gral. Pedernera)
5731	Durazno (El Morro, Dpto. Gral. Pedernera)
5731	El Guanaco
5731	El Morro
5731	El Pasajero
5731	El Plateado
5731	El Sarco
5731	Juan Jorba
5731	Juante
5731	La Angelina
5731	La Bertita
5731	La Chacra
5731	La Gama
5731	La Iberia
5731	La Javiera
5731	La Negrita
5731	La Portada
5731	Las Carolinas
5731	Las Praderas
5731	Las Taguas
5731	Las Vizcacheras (Apeadero Fcgsm, Juan Jorba, Dpto.Pedernera)
5731	Loma Blanca
5731	Los Cisnes
5731	Primer Laguna
5731	San Juan De Tastu
5731	Soven
5731	Tasto
5731	Vizcacheras (Juan Jorba, Dpto. Gral. Pedernera)
5733	Cramer
5733	Villa Reynolds
5735	Colonia Bella Vista
5735	Isondu
5735	Juan Llerena
5735	La Venecia
5736	Comandante Granville
5736	Fraga
5736	La Adela
5736	La Cautiva
5736	Los Esquineros
5736	Medanos
5736	Paines
5736	Paso De Las Carretas (Fraga, Dpto. Pringles)
5736	San Ignacio
5738	Avanzada
5738	Caldenadas (Embarcadero Fcgsm)
5738	Colonia Luna
5738	El Carmen (Justo Daract, Dpto. Gral. Pedernera)
5738	El Mangrullo (Apeadero Fcgsm)
5738	El Nasao
5738	General Pedernera
5738	Justo Daract
5738	Kilometro 656
5738	La Carmen
5738	La Elia
5738	La Elida
5738	La Garrapata
5738	La Magdalena
5738	La Mascota (Justo Daract - Dpto. Gral. Pedernera)
5738	Las Encadenadas
5738	Las Meladas
5738	Las Totoritas
5738	La Tula
5738	Los Cesares
5738	Los Medanos
5738	Los Pozos
5738	Rio Quinto (Embarcadero Fcgsm)
5738	San Pedro (Justo Daract, Dpto. Gral. Pedernera)
5738	Santa Catalina
5741	Alto Verde
5741	Aviador Origone
5741	Bajos Hondos
5741	Capelen
5741	Don Roberto
5741	Durazno (Lavaisse, Dpto. Gral. Pedernera)
5741	Durazno Chico
5741	El Avestruz
5741	El Calden (Lavaisse, Dpto. Gral. Pedernera)
5741	La Elisa
5741	La Flecha
5741	Laguna Capelen
5741	Laguna Sayape
5741	La Josefina
5741	La Palmira
5741	La Realidad
5741	La Silesia
5741	Nossar
5741	Origone
5741	Portada Del Sauce
5741	San Jose Del Durazno
5741	13 De Enero
5743	La Isabel
5743	Nueva Escocia
5743	San Camilo
5750	Canteras Santa Isabel
5750	Cañada Del Pasto
5750	Casa Viejas (La Toma, Dpto. Pringles)
5750	Cerro De La Pila
5750	Cerro Verde
5750	El Blanco
5750	El Portezuelo
5750	El Pozo
5750	El Rosario
5750	Establecimiento Las Flores
5750	La Aguada (La Toma - Dpto. Pringles)
5750	La Alameda (La Toma - Dpto. Pringles)
5750	La Cañada (La Toma, Dpto. Pringles)
5750	La Fragua
5750	La Justa
5750	La Rinconada (La Toma - Dpto. Pringles)
5750	Las Delicias
5750	Las Flores (La Toma - Dpto. Pringles)
5750	Las Peñas
5750	Las Rosas
5750	La Toma
5750	La Toma Vieja
5750	Ojo De Agua (La Toma, Dpto. Pringles)
5750	Quebrada Honda
5750	San Antonio (La Toma, Dpto. Pringles)
5750	Santa Isabel (La Toma-Dpto.Pringles)
5750	Yacoro
5751	Agua Salada
5751	El Chañar (Saladillo, Dpto. Pringles)
5751	El Talita (Saladillo, Dpto. Pringles)
5751	La Arboleda
5751	La Petra
5751	La Totora (Dpto. Pringles)
5751	Los Medanitos
5751	Manantial Grande
5751	Saladillo
5751	San Gregorio
5751	Santa Clara (Saladillo, Dpto. Pringles)
5753	Agua Linda
5753	Ancamilla
5753	Arroyo La Cal
5753	Bajo De Conlara
5753	Bajo La Laguna
5753	Cañada Blanca
5753	Cañada Del Puestito
5753	Cañada La Tienda
5753	Cañada Quemada (Las Chacras, Dpto. San Martin)
5753	Casa De Condor
5753	Casa De Piedra (Dpto. San Martin)
5753	Casa Viejas (Potrerillo, Dpto. San Martin)
5753	Cerrito
5753	Cerro Colorado
5753	Consuelo
5753	Corral Del Tala
5753	Corrales
5753	Cruz Brillante
5753	Chacritas
5753	Chutunsa
5753	Dormida
5753	El Baldecito
5753	El Burrito
5753	El Cardal
5753	El Cerrito
5753	El Condor
5753	El Coro
5753	El Pajarete
5753	El Pantanillo
5753	El Pantano
5753	El Paraguay
5753	El Progreso
5753	El Puerto
5753	El Salado
5753	El Salto (Poterillo, Dpto. San Martin)
5753	El Talita (Paso Grande, Dpto. San Martin)
5753	El Valle (Las Chacras, Dpto. San Martin)
5753	Hinojos
5753	Hornito
5753	La Agueda
5753	La Carmencita
5753	La Dora
5753	La Esperanza (Las Chacras - Dpto. San Martin)
5753	La Esquina (Las Chacras - Dpto. San Martin)
5753	La Esquina Del Rio
5753	La Estancia
5753	Laguna Larga
5753	La Huerta
5753	La Ramada (Paso Grande - Dpto. San Martin)
5753	Las Chacras (Dpto. San Martin)
5753	Las Chacritas
5753	Las Flores (Paso Grande - Dpto. San Martin)
5753	Las Lajas
5753	Las Lomas (Las Chacras, Dpto. San Martin)
5753	Las Mangas
5753	Las Toscas
5753	La Totora (Las Chacras, Dpto. San Martin)
5753	La Ulbara
5753	Los Alamos (Paso Grande, Dpto. San Martin)
5753	Los Algarrobos (Casa De Piedra, Dpto. San Martin)
5753	Los Comederos
5753	Los Corrales
5753	Los Hinojos
5753	Los Lechuzones
5753	Los Molles (Paso Grande, Dpto. San Martin)
5753	Los Sauces (Las Chacras, Dpto. San Martin)
5753	Los Talas (Paso Grande, Dpto. San Martin)
5753	Manantial Lindo
5753	Ojo De Agua (Las Chacras, Dpto. San Martin)
5753	Ojo De Agua (Paso Grande, Dpto. San Martin)
5753	Pampa Del Bajo
5753	Pantanillo (Las Chacras, Dpto. San Martin)
5753	Paso Grande
5753	Piedra Bola
5753	Piedra Larga
5753	Piedra Rosada
5753	Piedra Sola
5753	Planta De Sandia
5753	Potrerillo
5753	Pozo Seco
5753	Puerleto
5753	Puestito
5753	Quebrada Barroso
5753	Quebrada De Los Barrosos
5753	San Fernando
5753	San Isidro (Casa De Piedra, Dpto. San Martin)
5753	San Jose (Las Chacras, Dpto. San Martin)
5753	San Lorenzo (Las Chacras, Dpto. San Martin)
5753	San Miguel (Las Chacras, Dpto. San Martin)
5753	San Pedro (Las Chacras, Dpto. San Martin)
5753	San Rafael
5753	San Ramon (Casa De Piedra, Dpto. San Martin)
5753	Sauce
5753	Venta De Los Rios
5753	Villa De Praga
5755	Alto Del Molle
5755	Cañaditas
5755	Cerrito Negro
5755	Cueva Del Tigre
5755	El Bajo
5755	El Paraiso (San Martin, Dpto. San Martin)
5755	El Peje
5755	El Puesto (San Martin, Dpto. San Martin)
5755	Huertita
5755	La Elvira (San Martin - Dpto. San Martin)
5755	La Huertita
5755	La Puerta
5755	Las Barranquitas (San Martin - Dpto. San Martin)
5755	Las Higueras (San Martin, Dpto. San Martin)
5755	Los Poleos
5755	Manantial (San Martin, Dpto. San Martin)
5755	Media Luna
5755	Pampa
5755	Piedras Anchas
5755	Puerta De Palo
5755	Quebrada De La Mora
5755	Quebrada San Vicente
5755	Reforma
5755	Salado
5755	San Antonio (San Martin, Dpto. San Martin)
5755	Santo Tomas
5757	Cruz De Caña (El Manantial Escondido, Dpto. San Martin)
5757	La Vertiente (Dpto. San Martin)
5757	San Lorenzo (El Arenal, Dpto. Pringles)
5759	Calera Argentina
5759	Caleras Cañada Grande
5759	Conlara
5759	El Puesto (Naschel, Dpto. Chacabuco)
5759	Guanaco
5759	Huchisson
5759	La Guardia
5759	Las Canteras
5759	La Suiza
5759	Los Corralitos
5759	Manantial De Renca
5759	Mollecito
5759	Naschel
5759	Naschel Viejo
5759	Piedras Chatas
5759	Retazo Del Monte
5759	San Felipe
5763	General Urquiza
5770	Concaran
5770	Chacras Viejas
5770	El Arroyo
5770	El Bañado (Concaran, Dpto. Chacabuco)
5770	El Calden (Concaran, Dpto. Chacabuco)
5770	El Cavado
5770	El Cerro
5770	El Poleo (Concaran, Dpto. Chacabuco)
5770	El Sauce (Concaran, Dpto. Chacabuco)
5770	El Soconte
5770	El Socorro (Concaran, Dpto. Chacabuco)
5770	Fenoglio (Desvio Particular Fcgsm)
5770	La Gramilla
5770	Las Nieves
5770	Los Comedores
5770	Los Puestos
5770	Los Quebrachos
5770	Mina Los Condores
5770	Santa Martina
5770	Santa Simona
5770	San Vicente (Concaran, Dpto. Chacabuco)
5770	Villa Dolores
5771	Alanices
5771	Arboles Blancos
5771	Arroyo De Vilches
5771	Cabeza Del Novillo
5771	Cain De Los Tigres
5771	Cañada De Atras
5771	Cañada De Los Tigres
5771	Cortaderas (Las Aguadas, Dpto. San Martin)
5771	El Rodeo (Las Aguada, Dpto. San Martin)
5771	El Salvador
5771	Guanaco Pampa
5771	Huertas
5771	La Aurora (Las Aguadas - Dpto. San Martin)
5771	La Chilla
5771	Las Aguadas
5771	La Sala
5771	Los Lobos (Dpto. Junin)
5771	Pampa Grande (Rincon Del Carmen, Dpto. Junin)
5771	Paso De La Cruz
5771	Puerta Colorada
5771	Rincon Del Carmen
5771	Salado De Amaya
5771	San Isidro (Guanaco Pampa, Dpto. San Martin)
5771	Tala Verde
5771	Totoral (Las Aguadas, Dpto. San Martin)
5771	Totorilla
5771	Unquillo
5773	Cañada (La Cocha, Dpto. San Martin)
5773	Cañada De Las Lagunas
5773	Cañada El Durazno
5773	Cañitas
5773	Carrizal
5773	Crucecitas
5773	Chañar De La Legua
5773	Divisadero (Guzman, Dpto. San Martin)
5773	Duraznito (La Cocha, Dpto. San Martin)
5773	El Olmo
5773	El Poleo (La Cocha, Dpto. San Martin)
5773	El Porvenir (La Cocha, Dpto. San Martin)
5773	El Salado De Amaya
5773	El Torcido
5773	El Totoral (Tilisarao, Dpto. Chacabuco)
5773	El Vallecito
5773	Ensenada
5773	Guzman
5773	La Armonia
5773	La Cocha
5773	La Cristina
5773	La Crucecita
5773	La Estanzuela
5773	La Florida (Las Lagunas - Dpto. San Martin)
5773	Laguna De La Cañada
5773	Laguna De Patos
5773	La Mesilla
5773	La Riojita
5773	Las Cañas
5773	Las Lagunas (Dpto. San Martin)
5773	Las Raices
5773	Los Condores
5773	Los Duraznitos
5773	Los Manatiales
5773	Los Noques
5773	Manantial (Tilisarao, Dpto. Chacabuco)
5773	Olmo
5773	Otra Banda
5773	Paso Algarrobo
5773	Paso De Los Algarrobos
5773	Potrerito
5773	Pozo Frio
5773	Puente Hierro
5773	Puente De La Loma
5773	Puente Del Alto
5773	Riojita
5773	San Pablo
5773	Santa Maria (Guzman, Dpto.San Martin)
5773	Selci (Embarcadero Fcgsm)
5773	Tilisarao
5773	Totoral (Tilisarao, Dpto. Chacabuco)
5773	Vieja Estancia
5775	Algarrobal (Renca, Dpto. Chacabuco)
5775	Bajo Grande
5775	El Algarrobal
5775	El Porvenir (Renca, Dpto. Chacabuco)
5775	Espinillo (Renca, Dpto. Chacabuco)
5775	La Escondida (Renca - Dpto. Chacabuco)
5775	La Estrella (Renca - Dpto. Chacabuco)
5775	Los Sauces (Renca, Dpto. Chacabuco)
5775	Manantial De Flores
5775	Piscoyaco
5775	Renca
5775	San Ramon Sud
5775	Valle San Agustin
5775	Valle San Jose
5777	Adolfo Rodriguez Saa
5777	Barrio Banco
5777	Cañada De La Negra
5777	Cañada Grande
5777	Cañada Verde
5777	Cerrito Blanco
5777	Corral De Torres
5777	Chilcas
5777	Duraznito (Santa Rosa De Conlara, Dpto. Chacabuco)
5777	El Duraznito
5777	El Pueblito
5777	Invernada
5777	La Invernada (Santa Rosa De Conlara, Dpto. Junin)
5777	Las Tigras
5777	Los Arguellos
5777	Los Chañares (Santa Rosa De Conlara, Dpto. Junin)
5777	Los Peros
5777	Los Roldanes
5777	Los Tigres
5777	Moyar
5777	Ojo Del Rio
5777	Picos Yacu
5777	Pisco Yacu
5777	Pizarras Bajo Velez
5777	Pozo De Las Raices
5777	Santa Rosa (Dpto.Junin)
5777	Santa Rosa De Conlara
5779	La Chilca (Dpto. Junin)
5789	Los Mollecitos
5831	Agua Fria
5831	Boca Del Rio
5831	Chancarita
5831	El Sauce (Dpto. Chacabuco)
5831	El Talita (San Nicolas Punilla, Dpto. Gral. Pedernera)
5831	Estanzuela
5831	La Aguada (San Nicolas Punilla - Dpto. Gral. Pedernera)
5831	La Cañada (San Nicolas Punilla, Dpto. Gral. Pedernera)
5831	La Cañada (Navia - Dpto. La Capital)
5831	La Hermosura
5831	La Rosada
5831	Los Alamos (San Nicolas Punilla, Dpto. Gral. Pedernera)
5831	No Es Mia
5831	9 De Julio (San Nicolas Punilla, Dpto. Gral. Pedernera)
5831	Poste De Fierro
5831	Primer Agua
5831	Punilla
5831	Real
5831	San Alberto
5831	San Alejandro
5831	San Nicolas Punilla
5831	San Pedro (San Nicolas Punilla, Dpto. Gral. Pedernera)
5831	Santa Clara (San Nicolas Punilla, Dpto. Gral. Pedernera)
5831	Santa Felisa
5831	Santa Isabel (San Nicolas Punilla, Dpto. Gral. Pedernera)
5831	Toigus
5835	Bella Vista (Villa Del Carmen, Dpto. Ayacucho)
5835	Chañares (Villa Del Carmen, Dpto. Chacabuco)
5835	Dominguez
5835	El Tala (Dpto. Chacabuco)
5835	La Argentina
5835	La Aurora (Villa Del Carmen, Dpto. Chacabuco)
5835	Los Cuadros
5835	Los Chañares (Villa Del Carmen, Dpto. Chacabuco)
5835	Piquillines
5835	Porvenir
5835	San Antonio (Villa Del Carmen, Dpto. Chacabuco)
5835	San Miguel (Villa Del Carmen, Dpto. Chacabuco)
5835	Uspara
5835	Villa Del Carmen
5835	Volcan Estanzuela
5871	La Aguada De Las Animas
5871	La Alegria
5871	La Finca
5871	Lafinur
5871	La Loma
5871	Las Barrancas (Los Cajones - Dpto. Junin)
5871	Lomitas
5871	Los Cajones
5871	Santa Ana (Los Cajones, Dpto. Junin)
5871	Villa Luisa
5873	Isla (Punta De Agua, Dpto. Junin)
5873	La Angostura
5873	La Celia
5873	La Isla (Conlara - Dpto. Junin)
5873	Paso De Las Sierras
5873	Punta Del Agua
5881	Cerro De Oro
5881	El Rincon (Merlo, Dpto. Junin)
5881	La Ramada (Merlo - Dpto. Junin)
5881	Merlo
5881	Piedra Blanca
5881	Rincon
5881	Rincon Del Este
5883	Alto Lindo
5883	Balcarce
5883	Balde (Cortaderas, Dpto. Junin)
5883	Carpinteria
5883	Cortaderas (Dpto. Chacabuco)
5883	Chañaritos
5883	El Recuerdo (Papagayos, Dpto. Chacabuco)
5883	La Cumbre (Carpinteria - Dpto. Junin)
5883	Los Espinillos
5883	Los Molles (Dpto. Junin)
5883	Papagayos
5883	San Miguel (Cortaderas, Dpto. Junin)
5883	Villa Elena
5883	Villa Larca
5888	Cañada La Negra
6121	Las Lagunas (Nueva Galia, Dpto. Gobernador V. Dupuy)
6179	San Isidro (Batavia, Dpto. Gobernador V. Dupuy)
6214	Casimiro Gomez
6215	Los Lobos (Union, Dpto. Gdor. V. Dupuy)
6215	Pollado
6216	Bagual
6216	Billiken
6216	Cochequingan
6216	Colonia El Campamento
6216	Colonia La Florida
6216	Colonia Urdaniz
6216	El Campamento
6216	El Cinco
6216	El Martillo
6216	El Porvenir (Union, Dpto. Gdor. Vicente Dupuy)
6216	El Toro Muerto
6216	Fortuna
6216	La Alcorteña
6216	La Caldera
6216	La Colonia (Union - Dpto. Gobernador V. Dupuy)
6216	La Cherindu
6216	La Donostia
6216	La Elena
6216	La Elenita
6216	La Emma
6216	La Ernestina
6216	La Escondida (Union - Dpto. Gobernador V. Dupuy)
6216	La Estrella (Union - Dpto. Gobernador V. Dupuy)
6216	La Florida (Union - Dpto. Gobernador V. Dupuy)
6216	La Gaviota
6216	La Gitana
6216	La Holanda
6216	La Josefa (Fortuna - Dpto. Gobernador V. Dupuy)
6216	La Juanita
6216	La Linda
6216	La Maravilla
6216	La Margarita
6216	La Margarita Carlota
6216	La Maroma
6216	La Mascota (Fortuna - Dpto. Gobernador V. Dupuy)
6216	La Media Legua
6216	La Melina
6216	La Reserva (Union - Dpto. Gobernador V. Dupuy)
6216	Las Cortaderas
6216	Las Gitanas
6216	Las Martinetas
6216	La Tigra
6216	La Uruguaya
6216	Los Barriales
6216	Los Dos Rios
6216	Los Duraznos
6216	Los Loros
6216	Milagro
6216	Monte Cochequingan
6216	Nueva Galia
6216	Ranquelco
6216	Rosales
6216	San Jorge (Bagual, Dpto. Gdor. V. Dupuy)
6216	Santa Lucia (Union, Dpto.Gdor.V.Dupuy)
6216	Santa Teresa (Fortuna, Dpto. Gobernador V.Dupuy)
6216	Santo Domingo (Polledo, Dpto.Gobernador V.Dupuy)
6216	Toingua
6216	Union
6216	Urdaniz
6269	La Colina
6277	Buena Esperanza
6277	Cochenelos
6277	El Machao
6277	El Oasis
6277	El Quingual
6277	El Verano (Buena Esperanza, Dpto. Gdor. V. Dupuy)
6277	Frisia (Apeadero Fcgsm)
6277	La Dulce (Buena Esperanza, Dpto. Gobernador V. Dupuy)
6277	La Esmeralda
6277	La Ethel
6277	La Invernada (Buena Esperanza, Dpto. Gobernador V. Dupuy)
6277	La Maria Luisa
6277	La Rosina
6277	Las Aromas
6277	La Segunda
6277	Las Mestizas
6277	Los Oscuros
6277	Machao
6277	Nilinast
6277	Placilla
6277	San Juan
6279	Batavia
6279	Centenario
6279	Colonia Calzada
6279	Coronel Segovia
6279	Dixonville
6279	El Aguila
6279	El Espinillo (Dixonville, Dpto. Gral. Pedernera)
6279	El Piche
6279	El Recuerdo (Nahuel Mapa, Dpto. Gdor. Vicente Dupuy)
6279	El Yatagan
6279	Estancia Don Arturo
6279	Estancia 30 De Octubre
6279	Fortin El Patria
6279	Gloria A Dios
6279	La Amalia
6279	La Aroma
6279	La Bavaria
6279	La Bolivia
6279	La Cora
6279	La Esperanza (Batavia - Dpto. Gobernador V. Dupuy)
6279	La Felisa
6279	La Germania
6279	La Hortensia
6279	La Isla (Batavia - Dpto. Gobernador V. Dupuy)
6279	La Juana
6279	La Laura
6279	La Luisa
6279	La Maria Esther
6279	La Nutria
6279	La Reina
6279	La Reserva (Dixonville - Dpto. Gobernador V. Dupuy)
6279	La Rosalia
6279	Las Carretas
6279	Laura Elisa
6279	Los Chañares (Dixonville, Dpto. Gdor. V. Dupuy)
6279	Los Huaycos
6279	Los Valles
6279	Martin De Loyola
6279	Nahuel Mapa
6279	Navia
6279	Nueva Esperanza
6279	Ñurilay
6279	Penice
6279	San Antonio (Batavia, Dpto. Gobernador V. Dupuy)
6279	San Jose (Batavia, Gdor. V. Dupuy)
6279	Santa Cecilia
6279	Santa Maria (Navia, Gdor.V.Dupuy)
6279	Santa Teresa (Navia, Dpto. Gobernador V.Dupuy)
6279	Toro Bayo
6279	Uchaima
6279	Valle Hermoso
6279	Viva La Patria
6389	Alegria
6389	Anchorena
6389	Arizona
6389	El Rodeo (Anchorena, Dpto. Gdor. Vicente Dupuy)
6389	La Travesia
6389	La Vaca
6389	La Verde (Dpto. Gdor. V. Dupuy)
6389	San Carlos
6721	Las Gamas
